prod_A,prod_B,p_a_b,p_a,transacciones_totales,p_b,support_a_b,support_a,support_b,confidence,lift,sales_a,sales_b,rank_a,rank_b
Bookcases,Stole,26,72,500,157,0.052,0.144,0.314,0.361111111,1.150035386,56861,18546,2,10
Bookcases,Hankerchief,23,72,500,138,0.046,0.144,0.276,0.319444444,1.157407407,56861,14608,2,11
Bookcases,Electronic Games,14,72,500,73,0.028,0.144,0.146,0.194444444,1.331811263,56861,39168,2,5
Bookcases,Phones,9,72,500,71,0.018,0.144,0.142,0.125,0.88028169,56861,46119,2,4
Bookcases,Saree,27,72,500,156,0.054,0.144,0.312,0.375,1.201923077,56861,53511,2,3
Bookcases,Trousers,4,72,500,37,0.008,0.144,0.074,0.055555556,0.750750751,56861,30039,2,7
Bookcases,Chairs,13,72,500,64,0.026,0.144,0.128,0.180555556,1.410590278,56861,34222,2,6
Bookcases,Kurti,5,72,500,41,0.01,0.144,0.082,0.069444444,0.846883469,56861,3361,2,15
Bookcases,T-shirt,15,72,500,70,0.03,0.144,0.14,0.208333333,1.488095238,56861,7382,2,14
Bookcases,Shirt,11,72,500,66,0.022,0.144,0.132,0.152777778,1.157407407,56861,7555,2,13
Bookcases,Leggings,6,72,500,49,0.012,0.144,0.098,0.083333333,0.850340136,56861,2106,2,16
Bookcases,Tables,2,72,500,16,0.004,0.144,0.032,0.027777778,0.868055556,56861,22614,2,8
Bookcases,Printers,18,72,500,67,0.036,0.144,0.134,0.25,1.865671642,56861,58252,2,1
Bookcases,Accessories,14,72,500,65,0.028,0.144,0.13,0.194444444,1.495726496,56861,21728,2,9
Bookcases,Furnishings,10,72,500,66,0.02,0.144,0.132,0.138888889,1.052188552,56861,13484,2,12
Bookcases,Skirt,8,72,500,56,0.016,0.144,0.112,0.111111111,0.992063492,56861,1946,2,17
Stole,Hankerchief,59,157,500,138,0.118,0.314,0.276,0.375796178,1.361580356,18546,14608,10,11
Stole,Electronic Games,27,157,500,73,0.054,0.314,0.146,0.171974522,1.177907687,18546,39168,10,5
Stole,Phones,23,157,500,71,0.046,0.314,0.142,0.146496815,1.031667713,18546,46119,10,4
Stole,Saree,58,157,500,156,0.116,0.314,0.312,0.369426752,1.184060101,18546,53511,10,3
Stole,Trousers,14,157,500,37,0.028,0.314,0.074,0.089171975,1.205026683,18546,30039,10,7
Stole,Chairs,17,157,500,64,0.034,0.314,0.128,0.108280255,0.84593949,18546,34222,10,6
Stole,Kurti,16,157,500,41,0.032,0.314,0.082,0.101910828,1.242814976,18546,3361,10,15
Stole,T-shirt,27,157,500,70,0.054,0.314,0.14,0.171974522,1.228389445,18546,7382,10,14
Stole,Shirt,27,157,500,66,0.054,0.314,0.132,0.171974522,1.30283729,18546,7555,10,13
Stole,Leggings,19,157,500,49,0.038,0.314,0.098,0.121019108,1.23488886,18546,2106,10,16
Stole,Tables,4,157,500,16,0.008,0.314,0.032,0.025477707,0.796178344,18546,22614,10,8
Stole,Printers,29,157,500,67,0.058,0.314,0.134,0.184713376,1.378458028,18546,58252,10,1
Stole,Accessories,27,157,500,65,0.054,0.314,0.13,0.171974522,1.322880941,18546,21728,10,9
Stole,Furnishings,23,157,500,66,0.046,0.314,0.132,0.146496815,1.109824358,18546,13484,10,12
Stole,Skirt,18,157,500,56,0.036,0.314,0.112,0.114649682,1.023657871,18546,1946,10,17
Hankerchief,Electronic Games,29,138,500,73,0.058,0.276,0.146,0.210144928,1.439348819,14608,39168,11,5
Hankerchief,Phones,17,138,500,71,0.034,0.276,0.142,0.123188406,0.867523984,14608,46119,11,4
Hankerchief,Saree,46,138,500,156,0.092,0.276,0.312,0.333333333,1.068376068,14608,53511,11,3
Hankerchief,Trousers,16,138,500,37,0.032,0.276,0.074,0.115942029,1.566784175,14608,30039,11,7
Hankerchief,Chairs,17,138,500,64,0.034,0.276,0.128,0.123188406,0.96240942,14608,34222,11,6
Hankerchief,Kurti,20,138,500,41,0.04,0.276,0.082,0.144927536,1.767408978,14608,3361,11,15
Hankerchief,T-shirt,18,138,500,70,0.036,0.276,0.14,0.130434783,0.931677019,14608,7382,11,14
Hankerchief,Shirt,26,138,500,66,0.052,0.276,0.132,0.188405797,1.427316645,14608,7555,11,13
Hankerchief,Leggings,20,138,500,49,0.04,0.276,0.098,0.144927536,1.478852411,14608,2106,11,16
Hankerchief,Tables,5,138,500,16,0.01,0.276,0.032,0.036231884,1.132246377,14608,22614,11,8
Hankerchief,Printers,24,138,500,67,0.048,0.276,0.134,0.173913043,1.297858533,14608,58252,11,1
Hankerchief,Accessories,25,138,500,65,0.05,0.276,0.13,0.18115942,1.393534002,14608,21728,11,9
Hankerchief,Furnishings,24,138,500,66,0.048,0.276,0.132,0.173913043,1.317523057,14608,13484,11,12
Hankerchief,Skirt,22,138,500,56,0.044,0.276,0.112,0.15942029,1.423395445,14608,1946,11,17
Electronic Games,Phones,14,73,500,71,0.028,0.146,0.142,0.191780822,1.350569168,39168,46119,5,4
Electronic Games,Saree,27,73,500,156,0.054,0.146,0.312,0.369863014,1.185458377,39168,53511,5,3
Electronic Games,Trousers,8,73,500,37,0.016,0.146,0.074,0.109589041,1.480932988,39168,30039,5,7
Electronic Games,Chairs,10,73,500,64,0.02,0.146,0.128,0.136986301,1.070205479,39168,34222,5,6
Electronic Games,Kurti,4,73,500,41,0.008,0.146,0.082,0.054794521,0.66822586,39168,3361,5,15
Electronic Games,T-shirt,9,73,500,70,0.018,0.146,0.14,0.123287671,0.880626223,39168,7382,5,14
Electronic Games,Shirt,14,73,500,66,0.028,0.146,0.132,0.191780822,1.452885015,39168,7555,5,13
Electronic Games,Leggings,9,73,500,49,0.018,0.146,0.098,0.123287671,1.258037462,39168,2106,5,16
Electronic Games,Tables,3,73,500,16,0.006,0.146,0.032,0.04109589,1.284246575,39168,22614,5,8
Electronic Games,Printers,13,73,500,67,0.026,0.146,0.134,0.178082192,1.32897158,39168,58252,5,1
Electronic Games,Accessories,10,73,500,65,0.02,0.146,0.13,0.136986301,1.05374078,39168,21728,5,9
Electronic Games,Furnishings,9,73,500,66,0.018,0.146,0.132,0.123287671,0.933997509,39168,13484,5,12
Electronic Games,Skirt,5,73,500,56,0.01,0.146,0.112,0.068493151,0.611545988,39168,1946,5,17
Phones,Saree,31,71,500,156,0.062,0.142,0.312,0.436619718,1.399422174,46119,53511,4,3
Phones,Trousers,9,71,500,37,0.018,0.142,0.074,0.126760563,1.712980586,46119,30039,4,7
Phones,Chairs,8,71,500,64,0.016,0.142,0.128,0.112676056,0.88028169,46119,34222,4,6
Phones,Kurti,10,71,500,41,0.02,0.142,0.082,0.14084507,1.71762281,46119,3361,4,15
Phones,T-shirt,13,71,500,70,0.026,0.142,0.14,0.183098592,1.307847082,46119,7382,4,14
Phones,Shirt,16,71,500,66,0.032,0.142,0.132,0.225352113,1.707212975,46119,7555,4,13
Phones,Leggings,9,71,500,49,0.018,0.142,0.098,0.126760563,1.293475137,46119,2106,4,16
Phones,Tables,2,71,500,16,0.004,0.142,0.032,0.028169014,0.88028169,46119,22614,4,8
Phones,Printers,16,71,500,67,0.032,0.142,0.134,0.225352113,1.681732184,46119,58252,4,1
Phones,Accessories,18,71,500,65,0.036,0.142,0.13,0.253521127,1.950162514,46119,21728,4,9
Phones,Furnishings,9,71,500,66,0.018,0.142,0.132,0.126760563,0.960307298,46119,13484,4,12
Phones,Skirt,9,71,500,56,0.018,0.142,0.112,0.126760563,1.131790744,46119,1946,4,17
Saree,Trousers,15,156,500,37,0.03,0.312,0.074,0.096153846,1.299376299,53511,30039,3,7
Saree,Chairs,26,156,500,64,0.052,0.312,0.128,0.166666667,1.302083333,53511,34222,3,6
Saree,Kurti,16,156,500,41,0.032,0.312,0.082,0.102564103,1.250781739,53511,3361,3,15
Saree,T-shirt,28,156,500,70,0.056,0.312,0.14,0.179487179,1.282051282,53511,7382,3,14
Saree,Shirt,27,156,500,66,0.054,0.312,0.132,0.173076923,1.311188811,53511,7555,3,13
Saree,Leggings,19,156,500,49,0.038,0.312,0.098,0.121794872,1.242804814,53511,2106,3,16
Saree,Tables,5,156,500,16,0.01,0.312,0.032,0.032051282,1.001602564,53511,22614,3,8
Saree,Printers,27,156,500,67,0.054,0.312,0.134,0.173076923,1.291618829,53511,58252,3,1
Saree,Accessories,31,156,500,65,0.062,0.312,0.13,0.198717949,1.528599606,53511,21728,3,9
Saree,Furnishings,21,156,500,66,0.042,0.312,0.132,0.134615385,1.01981352,53511,13484,3,12
Saree,Skirt,28,156,500,56,0.056,0.312,0.112,0.179487179,1.602564103,53511,1946,3,17
Trousers,Chairs,10,37,500,64,0.02,0.074,0.128,0.27027027,2.111486486,30039,34222,7,6
Trousers,Kurti,4,37,500,41,0.008,0.074,0.082,0.108108108,1.318391562,30039,3361,7,15
Trousers,T-shirt,5,37,500,70,0.01,0.074,0.14,0.135135135,0.965250965,30039,7382,7,14
Trousers,Shirt,5,37,500,66,0.01,0.074,0.132,0.135135135,1.023751024,30039,7555,7,13
Trousers,Leggings,4,37,500,49,0.008,0.074,0.098,0.108108108,1.10314396,30039,2106,7,16
Trousers,Tables,3,37,500,16,0.006,0.074,0.032,0.081081081,2.533783784,30039,22614,7,8
Trousers,Printers,6,37,500,67,0.012,0.074,0.134,0.162162162,1.210165389,30039,58252,7,1
Trousers,Accessories,10,37,500,65,0.02,0.074,0.13,0.27027027,2.079002079,30039,21728,7,9
Trousers,Furnishings,3,37,500,66,0.006,0.074,0.132,0.081081081,0.614250614,30039,13484,7,12
Trousers,Skirt,6,37,500,56,0.012,0.074,0.112,0.162162162,1.447876448,30039,1946,7,17
Chairs,Kurti,3,64,500,41,0.006,0.128,0.082,0.046875,0.571646341,34222,3361,6,15
Chairs,T-shirt,8,64,500,70,0.016,0.128,0.14,0.125,0.892857143,34222,7382,6,14
Chairs,Shirt,11,64,500,66,0.022,0.128,0.132,0.171875,1.302083333,34222,7555,6,13
Chairs,Leggings,6,64,500,49,0.012,0.128,0.098,0.09375,0.956632653,34222,2106,6,16
Chairs,Tables,5,64,500,16,0.01,0.128,0.032,0.078125,2.44140625,34222,22614,6,8
Chairs,Printers,8,64,500,67,0.016,0.128,0.134,0.125,0.932835821,34222,58252,6,1
Chairs,Accessories,8,64,500,65,0.016,0.128,0.13,0.125,0.961538462,34222,21728,6,9
Chairs,Furnishings,6,64,500,66,0.012,0.128,0.132,0.09375,0.710227273,34222,13484,6,12
Chairs,Skirt,12,64,500,56,0.024,0.128,0.112,0.1875,1.674107143,34222,1946,6,17
Kurti,T-shirt,10,41,500,70,0.02,0.082,0.14,0.243902439,1.742160279,3361,7382,15,14
Kurti,Shirt,8,41,500,66,0.016,0.082,0.132,0.195121951,1.4781966,3361,7555,15,13
Kurti,Leggings,3,41,500,49,0.006,0.082,0.098,0.073170732,0.746640119,3361,2106,15,16
Kurti,Tables,1,41,500,16,0.002,0.082,0.032,0.024390244,0.762195122,3361,22614,15,8
Kurti,Printers,8,41,500,67,0.016,0.082,0.134,0.195121951,1.456133964,3361,58252,15,1
Kurti,Accessories,7,41,500,65,0.014,0.082,0.13,0.170731707,1.313320826,3361,21728,15,9
Kurti,Furnishings,6,41,500,66,0.012,0.082,0.132,0.146341463,1.10864745,3361,13484,15,12
Kurti,Skirt,3,41,500,56,0.006,0.082,0.112,0.073170732,0.653310105,3361,1946,15,17
T-shirt,Shirt,11,70,500,66,0.022,0.14,0.132,0.157142857,1.19047619,7382,7555,14,13
T-shirt,Leggings,11,70,500,49,0.022,0.14,0.098,0.157142857,1.603498542,7382,2106,14,16
T-shirt,Tables,2,70,500,16,0.004,0.14,0.032,0.028571429,0.892857143,7382,22614,14,8
T-shirt,Printers,17,70,500,67,0.034,0.14,0.134,0.242857143,1.812366738,7382,58252,14,1
T-shirt,Accessories,12,70,500,65,0.024,0.14,0.13,0.171428571,1.318681319,7382,21728,14,9
T-shirt,Furnishings,10,70,500,66,0.02,0.14,0.132,0.142857143,1.082251082,7382,13484,14,12
T-shirt,Skirt,9,70,500,56,0.018,0.14,0.112,0.128571429,1.147959184,7382,1946,14,17
Shirt,Leggings,11,66,500,49,0.022,0.132,0.098,0.166666667,1.700680272,7555,2106,13,16
Shirt,Tables,4,66,500,16,0.008,0.132,0.032,0.060606061,1.893939394,7555,22614,13,8
Shirt,Printers,10,66,500,67,0.02,0.132,0.134,0.151515152,1.130710086,7555,58252,13,1
Shirt,Accessories,14,66,500,65,0.028,0.132,0.13,0.212121212,1.631701632,7555,21728,13,9
Shirt,Furnishings,11,66,500,66,0.022,0.132,0.132,0.166666667,1.262626263,7555,13484,13,12
Shirt,Skirt,10,66,500,56,0.02,0.132,0.112,0.151515152,1.352813853,7555,1946,13,17
Leggings,Tables,1,49,500,16,0.002,0.098,0.032,0.020408163,0.637755102,2106,22614,16,8
Leggings,Printers,8,49,500,67,0.016,0.098,0.134,0.163265306,1.218397807,2106,58252,16,1
Leggings,Accessories,9,49,500,65,0.018,0.098,0.13,0.183673469,1.412872841,2106,21728,16,9
Leggings,Furnishings,9,49,500,66,0.018,0.098,0.132,0.183673469,1.391465677,2106,13484,16,12
Leggings,Skirt,7,49,500,56,0.014,0.098,0.112,0.142857143,1.275510204,2106,1946,16,17
Tables,Printers,4,16,500,67,0.008,0.032,0.134,0.25,1.865671642,22614,58252,8,1
Tables,Accessories,3,16,500,65,0.006,0.032,0.13,0.1875,1.442307692,22614,21728,8,9
Tables,Furnishings,2,16,500,66,0.004,0.032,0.132,0.125,0.946969697,22614,13484,8,12
Tables,Skirt,2,16,500,56,0.004,0.032,0.112,0.125,1.116071429,22614,1946,8,17
Printers,Accessories,13,67,500,65,0.026,0.134,0.13,0.194029851,1.492537313,58252,21728,1,9
Printers,Furnishings,10,67,500,66,0.02,0.134,0.132,0.149253731,1.130710086,58252,13484,1,12
Printers,Skirt,9,67,500,56,0.018,0.134,0.112,0.134328358,1.199360341,58252,1946,1,17
Accessories,Furnishings,9,65,500,66,0.018,0.13,0.132,0.138461538,1.048951049,21728,13484,9,12
Accessories,Skirt,11,65,500,56,0.022,0.13,0.112,0.169230769,1.510989011,21728,1946,9,17
Furnishings,Skirt,10,66,500,56,0.02,0.132,0.112,0.151515152,1.352813853,13484,1946,12,17
Stole,Bookcases,26,157,500,72,0.052,0.314,0.144,0.165605096,1.150035386,18546,56861,10,2
Hankerchief,Bookcases,23,138,500,72,0.046,0.276,0.144,0.166666667,1.157407407,14608,56861,11,2
Electronic Games,Bookcases,14,73,500,72,0.028,0.146,0.144,0.191780822,1.331811263,39168,56861,5,2
Phones,Bookcases,9,71,500,72,0.018,0.142,0.144,0.126760563,0.88028169,46119,56861,4,2
Saree,Bookcases,27,156,500,72,0.054,0.312,0.144,0.173076923,1.201923077,53511,56861,3,2
Trousers,Bookcases,4,37,500,72,0.008,0.074,0.144,0.108108108,0.750750751,30039,56861,7,2
Chairs,Bookcases,13,64,500,72,0.026,0.128,0.144,0.203125,1.410590278,34222,56861,6,2
Kurti,Bookcases,5,41,500,72,0.01,0.082,0.144,0.12195122,0.846883469,3361,56861,15,2
T-shirt,Bookcases,15,70,500,72,0.03,0.14,0.144,0.214285714,1.488095238,7382,56861,14,2
Shirt,Bookcases,11,66,500,72,0.022,0.132,0.144,0.166666667,1.157407407,7555,56861,13,2
Leggings,Bookcases,6,49,500,72,0.012,0.098,0.144,0.12244898,0.850340136,2106,56861,16,2
Tables,Bookcases,2,16,500,72,0.004,0.032,0.144,0.125,0.868055556,22614,56861,8,2
Printers,Bookcases,18,67,500,72,0.036,0.134,0.144,0.268656716,1.865671642,58252,56861,1,2
Accessories,Bookcases,14,65,500,72,0.028,0.13,0.144,0.215384615,1.495726496,21728,56861,9,2
Furnishings,Bookcases,10,66,500,72,0.02,0.132,0.144,0.151515152,1.052188552,13484,56861,12,2
Skirt,Bookcases,8,56,500,72,0.016,0.112,0.144,0.142857143,0.992063492,1946,56861,17,2
Hankerchief,Stole,59,138,500,157,0.118,0.276,0.314,0.427536232,1.361580356,14608,18546,11,10
Electronic Games,Stole,27,73,500,157,0.054,0.146,0.314,0.369863014,1.177907687,39168,18546,5,10
Phones,Stole,23,71,500,157,0.046,0.142,0.314,0.323943662,1.031667713,46119,18546,4,10
Saree,Stole,58,156,500,157,0.116,0.312,0.314,0.371794872,1.184060101,53511,18546,3,10
Trousers,Stole,14,37,500,157,0.028,0.074,0.314,0.378378378,1.205026683,30039,18546,7,10
Chairs,Stole,17,64,500,157,0.034,0.128,0.314,0.265625,0.84593949,34222,18546,6,10
Kurti,Stole,16,41,500,157,0.032,0.082,0.314,0.390243902,1.242814976,3361,18546,15,10
T-shirt,Stole,27,70,500,157,0.054,0.14,0.314,0.385714286,1.228389445,7382,18546,14,10
Shirt,Stole,27,66,500,157,0.054,0.132,0.314,0.409090909,1.30283729,7555,18546,13,10
Leggings,Stole,19,49,500,157,0.038,0.098,0.314,0.387755102,1.23488886,2106,18546,16,10
Tables,Stole,4,16,500,157,0.008,0.032,0.314,0.25,0.796178344,22614,18546,8,10
Printers,Stole,29,67,500,157,0.058,0.134,0.314,0.432835821,1.378458028,58252,18546,1,10
Accessories,Stole,27,65,500,157,0.054,0.13,0.314,0.415384615,1.322880941,21728,18546,9,10
Furnishings,Stole,23,66,500,157,0.046,0.132,0.314,0.348484848,1.109824358,13484,18546,12,10
Skirt,Stole,18,56,500,157,0.036,0.112,0.314,0.321428571,1.023657871,1946,18546,17,10
Electronic Games,Hankerchief,29,73,500,138,0.058,0.146,0.276,0.397260274,1.439348819,39168,14608,5,11
Phones,Hankerchief,17,71,500,138,0.034,0.142,0.276,0.23943662,0.867523984,46119,14608,4,11
Saree,Hankerchief,46,156,500,138,0.092,0.312,0.276,0.294871795,1.068376068,53511,14608,3,11
Trousers,Hankerchief,16,37,500,138,0.032,0.074,0.276,0.432432432,1.566784175,30039,14608,7,11
Chairs,Hankerchief,17,64,500,138,0.034,0.128,0.276,0.265625,0.96240942,34222,14608,6,11
Kurti,Hankerchief,20,41,500,138,0.04,0.082,0.276,0.487804878,1.767408978,3361,14608,15,11
T-shirt,Hankerchief,18,70,500,138,0.036,0.14,0.276,0.257142857,0.931677019,7382,14608,14,11
Shirt,Hankerchief,26,66,500,138,0.052,0.132,0.276,0.393939394,1.427316645,7555,14608,13,11
Leggings,Hankerchief,20,49,500,138,0.04,0.098,0.276,0.408163265,1.478852411,2106,14608,16,11
Tables,Hankerchief,5,16,500,138,0.01,0.032,0.276,0.3125,1.132246377,22614,14608,8,11
Printers,Hankerchief,24,67,500,138,0.048,0.134,0.276,0.358208955,1.297858533,58252,14608,1,11
Accessories,Hankerchief,25,65,500,138,0.05,0.13,0.276,0.384615385,1.393534002,21728,14608,9,11
Furnishings,Hankerchief,24,66,500,138,0.048,0.132,0.276,0.363636364,1.317523057,13484,14608,12,11
Skirt,Hankerchief,22,56,500,138,0.044,0.112,0.276,0.392857143,1.423395445,1946,14608,17,11
Phones,Electronic Games,14,71,500,73,0.028,0.142,0.146,0.197183099,1.350569168,46119,39168,4,5
Saree,Electronic Games,27,156,500,73,0.054,0.312,0.146,0.173076923,1.185458377,53511,39168,3,5
Trousers,Electronic Games,8,37,500,73,0.016,0.074,0.146,0.216216216,1.480932988,30039,39168,7,5
Chairs,Electronic Games,10,64,500,73,0.02,0.128,0.146,0.15625,1.070205479,34222,39168,6,5
Kurti,Electronic Games,4,41,500,73,0.008,0.082,0.146,0.097560976,0.66822586,3361,39168,15,5
T-shirt,Electronic Games,9,70,500,73,0.018,0.14,0.146,0.128571429,0.880626223,7382,39168,14,5
Shirt,Electronic Games,14,66,500,73,0.028,0.132,0.146,0.212121212,1.452885015,7555,39168,13,5
Leggings,Electronic Games,9,49,500,73,0.018,0.098,0.146,0.183673469,1.258037462,2106,39168,16,5
Tables,Electronic Games,3,16,500,73,0.006,0.032,0.146,0.1875,1.284246575,22614,39168,8,5
Printers,Electronic Games,13,67,500,73,0.026,0.134,0.146,0.194029851,1.32897158,58252,39168,1,5
Accessories,Electronic Games,10,65,500,73,0.02,0.13,0.146,0.153846154,1.05374078,21728,39168,9,5
Furnishings,Electronic Games,9,66,500,73,0.018,0.132,0.146,0.136363636,0.933997509,13484,39168,12,5
Skirt,Electronic Games,5,56,500,73,0.01,0.112,0.146,0.089285714,0.611545988,1946,39168,17,5
Saree,Phones,31,156,500,71,0.062,0.312,0.142,0.198717949,1.399422174,53511,46119,3,4
Trousers,Phones,9,37,500,71,0.018,0.074,0.142,0.243243243,1.712980586,30039,46119,7,4
Chairs,Phones,8,64,500,71,0.016,0.128,0.142,0.125,0.88028169,34222,46119,6,4
Kurti,Phones,10,41,500,71,0.02,0.082,0.142,0.243902439,1.71762281,3361,46119,15,4
T-shirt,Phones,13,70,500,71,0.026,0.14,0.142,0.185714286,1.307847082,7382,46119,14,4
Shirt,Phones,16,66,500,71,0.032,0.132,0.142,0.242424242,1.707212975,7555,46119,13,4
Leggings,Phones,9,49,500,71,0.018,0.098,0.142,0.183673469,1.293475137,2106,46119,16,4
Tables,Phones,2,16,500,71,0.004,0.032,0.142,0.125,0.88028169,22614,46119,8,4
Printers,Phones,16,67,500,71,0.032,0.134,0.142,0.23880597,1.681732184,58252,46119,1,4
Accessories,Phones,18,65,500,71,0.036,0.13,0.142,0.276923077,1.950162514,21728,46119,9,4
Furnishings,Phones,9,66,500,71,0.018,0.132,0.142,0.136363636,0.960307298,13484,46119,12,4
Skirt,Phones,9,56,500,71,0.018,0.112,0.142,0.160714286,1.131790744,1946,46119,17,4
Trousers,Saree,15,37,500,156,0.03,0.074,0.312,0.405405405,1.299376299,30039,53511,7,3
Chairs,Saree,26,64,500,156,0.052,0.128,0.312,0.40625,1.302083333,34222,53511,6,3
Kurti,Saree,16,41,500,156,0.032,0.082,0.312,0.390243902,1.250781739,3361,53511,15,3
T-shirt,Saree,28,70,500,156,0.056,0.14,0.312,0.4,1.282051282,7382,53511,14,3
Shirt,Saree,27,66,500,156,0.054,0.132,0.312,0.409090909,1.311188811,7555,53511,13,3
Leggings,Saree,19,49,500,156,0.038,0.098,0.312,0.387755102,1.242804814,2106,53511,16,3
Tables,Saree,5,16,500,156,0.01,0.032,0.312,0.3125,1.001602564,22614,53511,8,3
Printers,Saree,27,67,500,156,0.054,0.134,0.312,0.402985075,1.291618829,58252,53511,1,3
Accessories,Saree,31,65,500,156,0.062,0.13,0.312,0.476923077,1.528599606,21728,53511,9,3
Furnishings,Saree,21,66,500,156,0.042,0.132,0.312,0.318181818,1.01981352,13484,53511,12,3
Skirt,Saree,28,56,500,156,0.056,0.112,0.312,0.5,1.602564103,1946,53511,17,3
Chairs,Trousers,10,64,500,37,0.02,0.128,0.074,0.15625,2.111486486,34222,30039,6,7
Kurti,Trousers,4,41,500,37,0.008,0.082,0.074,0.097560976,1.318391562,3361,30039,15,7
T-shirt,Trousers,5,70,500,37,0.01,0.14,0.074,0.071428571,0.965250965,7382,30039,14,7
Shirt,Trousers,5,66,500,37,0.01,0.132,0.074,0.075757576,1.023751024,7555,30039,13,7
Leggings,Trousers,4,49,500,37,0.008,0.098,0.074,0.081632653,1.10314396,2106,30039,16,7
Tables,Trousers,3,16,500,37,0.006,0.032,0.074,0.1875,2.533783784,22614,30039,8,7
Printers,Trousers,6,67,500,37,0.012,0.134,0.074,0.089552239,1.210165389,58252,30039,1,7
Accessories,Trousers,10,65,500,37,0.02,0.13,0.074,0.153846154,2.079002079,21728,30039,9,7
Furnishings,Trousers,3,66,500,37,0.006,0.132,0.074,0.045454545,0.614250614,13484,30039,12,7
Skirt,Trousers,6,56,500,37,0.012,0.112,0.074,0.107142857,1.447876448,1946,30039,17,7
Kurti,Chairs,3,41,500,64,0.006,0.082,0.128,0.073170732,0.571646341,3361,34222,15,6
T-shirt,Chairs,8,70,500,64,0.016,0.14,0.128,0.114285714,0.892857143,7382,34222,14,6
Shirt,Chairs,11,66,500,64,0.022,0.132,0.128,0.166666667,1.302083333,7555,34222,13,6
Leggings,Chairs,6,49,500,64,0.012,0.098,0.128,0.12244898,0.956632653,2106,34222,16,6
Tables,Chairs,5,16,500,64,0.01,0.032,0.128,0.3125,2.44140625,22614,34222,8,6
Printers,Chairs,8,67,500,64,0.016,0.134,0.128,0.119402985,0.932835821,58252,34222,1,6
Accessories,Chairs,8,65,500,64,0.016,0.13,0.128,0.123076923,0.961538462,21728,34222,9,6
Furnishings,Chairs,6,66,500,64,0.012,0.132,0.128,0.090909091,0.710227273,13484,34222,12,6
Skirt,Chairs,12,56,500,64,0.024,0.112,0.128,0.214285714,1.674107143,1946,34222,17,6
T-shirt,Kurti,10,70,500,41,0.02,0.14,0.082,0.142857143,1.742160279,7382,3361,14,15
Shirt,Kurti,8,66,500,41,0.016,0.132,0.082,0.121212121,1.4781966,7555,3361,13,15
Leggings,Kurti,3,49,500,41,0.006,0.098,0.082,0.06122449,0.746640119,2106,3361,16,15
Tables,Kurti,1,16,500,41,0.002,0.032,0.082,0.0625,0.762195122,22614,3361,8,15
Printers,Kurti,8,67,500,41,0.016,0.134,0.082,0.119402985,1.456133964,58252,3361,1,15
Accessories,Kurti,7,65,500,41,0.014,0.13,0.082,0.107692308,1.313320826,21728,3361,9,15
Furnishings,Kurti,6,66,500,41,0.012,0.132,0.082,0.090909091,1.10864745,13484,3361,12,15
Skirt,Kurti,3,56,500,41,0.006,0.112,0.082,0.053571429,0.653310105,1946,3361,17,15
Shirt,T-shirt,11,66,500,70,0.022,0.132,0.14,0.166666667,1.19047619,7555,7382,13,14
Leggings,T-shirt,11,49,500,70,0.022,0.098,0.14,0.224489796,1.603498542,2106,7382,16,14
Tables,T-shirt,2,16,500,70,0.004,0.032,0.14,0.125,0.892857143,22614,7382,8,14
Printers,T-shirt,17,67,500,70,0.034,0.134,0.14,0.253731343,1.812366738,58252,7382,1,14
Accessories,T-shirt,12,65,500,70,0.024,0.13,0.14,0.184615385,1.318681319,21728,7382,9,14
Furnishings,T-shirt,10,66,500,70,0.02,0.132,0.14,0.151515152,1.082251082,13484,7382,12,14
Skirt,T-shirt,9,56,500,70,0.018,0.112,0.14,0.160714286,1.147959184,1946,7382,17,14
Leggings,Shirt,11,49,500,66,0.022,0.098,0.132,0.224489796,1.700680272,2106,7555,16,13
Tables,Shirt,4,16,500,66,0.008,0.032,0.132,0.25,1.893939394,22614,7555,8,13
Printers,Shirt,10,67,500,66,0.02,0.134,0.132,0.149253731,1.130710086,58252,7555,1,13
Accessories,Shirt,14,65,500,66,0.028,0.13,0.132,0.215384615,1.631701632,21728,7555,9,13
Furnishings,Shirt,11,66,500,66,0.022,0.132,0.132,0.166666667,1.262626263,13484,7555,12,13
Skirt,Shirt,10,56,500,66,0.02,0.112,0.132,0.178571429,1.352813853,1946,7555,17,13
Tables,Leggings,1,16,500,49,0.002,0.032,0.098,0.0625,0.637755102,22614,2106,8,16
Printers,Leggings,8,67,500,49,0.016,0.134,0.098,0.119402985,1.218397807,58252,2106,1,16
Accessories,Leggings,9,65,500,49,0.018,0.13,0.098,0.138461538,1.412872841,21728,2106,9,16
Furnishings,Leggings,9,66,500,49,0.018,0.132,0.098,0.136363636,1.391465677,13484,2106,12,16
Skirt,Leggings,7,56,500,49,0.014,0.112,0.098,0.125,1.275510204,1946,2106,17,16
Printers,Tables,4,67,500,16,0.008,0.134,0.032,0.059701493,1.865671642,58252,22614,1,8
Accessories,Tables,3,65,500,16,0.006,0.13,0.032,0.046153846,1.442307692,21728,22614,9,8
Furnishings,Tables,2,66,500,16,0.004,0.132,0.032,0.03030303,0.946969697,13484,22614,12,8
Skirt,Tables,2,56,500,16,0.004,0.112,0.032,0.035714286,1.116071429,1946,22614,17,8
Accessories,Printers,13,65,500,67,0.026,0.13,0.134,0.2,1.492537313,21728,58252,9,1
Furnishings,Printers,10,66,500,67,0.02,0.132,0.134,0.151515152,1.130710086,13484,58252,12,1
Skirt,Printers,9,56,500,67,0.018,0.112,0.134,0.160714286,1.199360341,1946,58252,17,1
Furnishings,Accessories,9,66,500,65,0.018,0.132,0.13,0.136363636,1.048951049,13484,21728,12,9
Skirt,Accessories,11,56,500,65,0.022,0.112,0.13,0.196428571,1.510989011,1946,21728,17,9
Skirt,Furnishings,10,56,500,66,0.02,0.112,0.132,0.178571429,1.352813853,1946,13484,17,12
